ID,Type,SKU,Name,Published,Is featured?,Visibility in catalog,Short description,Description,Date sale price starts,Date sale price ends,Tax status,Tax class,In stock?,Stock,Low stock amount,Backorders allowed?,Sold individually?,Weight (kg),Length (cm),Width (cm),Height (cm),Allow customer reviews?,Purchase note,Sale price,Regular price,Categories,Tags,Shipping class,Images,Download limit,Download expiry days,Parent,Grouped products,Upsells,Cross-sells,External URL,Button text,Position,Attribute 1 name,Attribute 1 value(s),Attribute 1 visible,Attribute 1 global,Attribute 2 name,Attribute 2 value(s),Attribute 2 visible,Attribute 2 global,Attribute 3 name,Attribute 3 value(s),Attribute 3 visible,Attribute 3 global,Attribute 4 name,Attribute 4 value(s),Attribute 4 visible,Attribute 4 global,Attribute 5 name,Attribute 5 value(s),Attribute 5 visible,Attribute 5 global,Attribute 6 name,Attribute 6 value(s),Attribute 6 visible,Attribute 6 global,Attribute 7 name,Attribute 7 value(s),Attribute 7 visible,Attribute 7 global,Attribute 8 name,Attribute 8 value(s),Attribute 8 visible,Attribute 8 global,Attribute 9 name,Attribute 9 value(s),Attribute 9 visible,Attribute 9 global,Attribute 10 name,Attribute 10 value(s),Attribute 10 visible,Attribute 10 global,Attribute 11 name,Attribute 11 value(s),Attribute 11 visible,Attribute 11 global,Attribute 12 name,Attribute 12 value(s),Attribute 12 visible,Attribute 12 global,Attribute 13 name,Attribute 13 value(s),Attribute 13 visible,Attribute 13 global,Attribute 14 name,Attribute 14 value(s),Attribute 14 visible,Attribute 14 global,Attribute 15 name,Attribute 15 value(s),Attribute 15 visible,Attribute 15 global,Attribute 16 name,Attribute 16 value(s),Attribute 16 visible,Attribute 16 global,Attribute 17 name,Attribute 17 value(s),Attribute 17 visible,Attribute 17 global,Attribute 18 name,Attribute 18 value(s),Attribute 18 visible,Attribute 18 global,Attribute 19 name,Attribute 19 value(s),Attribute 19 visible,Attribute 19 global,Attribute 20 name,Attribute 20 value(s),Attribute 20 visible,Attribute 20 global,Attribute 21 name,Attribute 21 value(s),Attribute 21 visible,Attribute 21 global,Attribute 22 name,Attribute 22 value(s),Attribute 22 visible,Attribute 22 global,Attribute 23 name,Attribute 23 value(s),Attribute 23 visible,Attribute 23 global,Attribute 24 name,Attribute 24 value(s),Attribute 24 visible,Attribute 24 global,Attribute 25 name,Attribute 25 value(s),Attribute 25 visible,Attribute 25 global,Attribute 26 name,Attribute 26 value(s),Attribute 26 visible,Attribute 26 global,Attribute 27 name,Attribute 27 value(s),Attribute 27 visible,Attribute 27 global,Attribute 28 name,Attribute 28 value(s),Attribute 28 visible,Attribute 28 global,Attribute 29 name,Attribute 29 value(s),Attribute 29 visible,Attribute 29 global,Attribute 30 name,Attribute 30 value(s),Attribute 30 visible,Attribute 30 global,Attribute 31 name,Attribute 31 value(s),Attribute 31 visible,Attribute 31 global,Attribute 32 name,Attribute 32 value(s),Attribute 32 visible,Attribute 32 global,Attribute 33 name,Attribute 33 value(s),Attribute 33 visible,Attribute 33 global,Attribute 34 name,Attribute 34 value(s),Attribute 34 visible,Attribute 34 global,Attribute 35 name,Attribute 35 value(s),Attribute 35 visible,Attribute 35 global,Attribute 36 name,Attribute 36 value(s),Attribute 36 visible,Attribute 36 global,Attribute 37 name,Attribute 37 value(s),Attribute 37 visible,Attribute 37 global,Attribute 38 name,Attribute 38 value(s),Attribute 38 visible,Attribute 38 global,Attribute 39 name,Attribute 39 value(s),Attribute 39 visible,Attribute 39 global,Attribute 40 name,Attribute 40 value(s),Attribute 40 visible,Attribute 40 global,Attribute 41 name,Attribute 41 value(s),Attribute 41 visible,Attribute 41 global,Attribute 42 name,Attribute 42 value(s),Attribute 42 visible,Attribute 42 global,Attribute 43 name,Attribute 43 value(s),Attribute 43 visible,Attribute 43 global,Attribute 44 name,Attribute 44 value(s),Attribute 44 visible,Attribute 44 global,Attribute 45 name,Attribute 45 value(s),Attribute 45 visible,Attribute 45 global,Attribute 46 name,Attribute 46 value(s),Attribute 46 visible,Attribute 46 global,Attribute 47 name,Attribute 47 value(s),Attribute 47 visible,Attribute 47 global,Attribute 48 name,Attribute 48 value(s),Attribute 48 visible,Attribute 48 global,Attribute 49 name,Attribute 49 value(s),Attribute 49 visible,Attribute 49 global,Attribute 50 name,Attribute 50 value(s),Attribute 50 visible,Attribute 50 global
116,Simple,40023724,"50cm (20"") 1mm Width Singapore Chain in 10kt Yellow Gold",Yes,No,Visible,,"For a minimal yet stylish look, this chain will be the perfect accessory. Displaying a Singapore style with a twisted linking design, it provides your apparel with textural interest. Crafted in 10kt yellow gold for a warm gleam, you can dress it for any event.",,,Taxable,,In stock,,,No,No,,50cm,,,Yes,,$299,,,,,"https://prod-sfcc-api.michaelhill.com/dw/image/v2/AANC_PRD/on/demandware.static/-/Sites-MHJ_Master/default/dwae1c61b3/images/P16149595/P16149595-25-21.jpg, https://prod-sfcc-api.michaelhill.com/dw/image/v2/AANC_PRD/on/demandware.static/-/Sites-MHJ_Master/default/dwfd3d2603/images/P16149595/P16149595-25-22.jpg, https://prod-sfcc-api.michaelhill.com/dw/image/v2/AANC_PRD/on/demandware.static/-/Sites-MHJ_Master/default/dwf83c6952/images/P16149595/P16149595-25-23.jpg, https://prod-sfcc-api.michaelhill.com/dw/image/v2/AANC_PRD/on/demandware.static/-/Sites-MHJ_Master/default/dw9f39b9c6/images/P16149595/P16149595-25-24.jpg, https://prod-sfcc-api.michaelhill.com/dw/image/v2/AANC_PRD/on/demandware.static/-/Sites-MHJ_Master/default/dw41f2b11a/images/P16149595/P16149595-25-25.jpg, https://prod-sfcc-api.michaelhill.com/dw/image/v2/AANC_PRD/on/demandware.static/-/Sites-MHJ_Master/default/dwec131008/images/P16149595/P16149595-25-27.jpg",,,,,,,,,,Backing Type,,No,Yes,Bangle Size,,No,Yes,Bangle Width,,No,Yes,Battery,,No,Yes,Case Material,,No,Yes,Case Thickness,,No,Yes,Case Width,,No,Yes,Centre Diamond Certification,,No,Yes,Centre Diamond Clarity,,No,Yes,Centre Diamond Colour,,No,Yes,Centre Diamond Setting,,No,Yes,Centre Diamond Shape,,No,Yes,Centre Stone Class,,No,Yes,Centre carat weight,,No,Yes,Chain Width,<1mm,Yes,Yes,Clasp,,No,Yes,Collection,Pendant Bar,Yes,Yes,Construction,Solid,Yes,Yes,Crystal,,No,Yes,Design Feature Dimensions (LxH),,No,Yes,Diamond Clarity,,No,Yes,Diamond Colour,,No,Yes,Diamond Cut,,No,Yes,Diamond Setting,,No,Yes,Dimensions (LxW),,No,Yes,Engagement Style,,No,Yes,Gemstone,,No,Yes,Hoop Diameter,,No,Yes,Length,50cm,Yes,Yes,Lifetime Diamond Warranty,,No,Yes,Metal Colour,Yellow,Yes,Yes,Metal content,10 Karat,Yes,Yes,Movement,,No,Yes,Pendant (HxW),,No,Yes,Regular price,$299,Yes,Yes,Rhodium Plated,,No,Yes,Ring Height,,No,Yes,Ring Width,,No,Yes,Sale price,,Yes,Yes,Side Stone Class,,No,Yes,Stone (LxW),,No,Yes,Stone Class,,No,Yes,Strap Material,,No,Yes,Strap Width,,No,Yes,Style,Singapore,Yes,Yes,Sustainable Laboratory Grown Diamond,,No,Yes,Total carat weight,,No,Yes,Treated,,No,Yes,Water Resistance,,No,Yes,url,https://www.michaelhill.com.au//p/50cm-20-1mm-width-singapore-chain-in-10kt-yellow-gold-C1614959525.html,Yes,Yes
254,Simple,21274756,Round Brilliant Cut Cubic Zirconia Chain Bracelet in Sterling Silver,Yes,No,Visible,,"This sterling silver bracelet showcases an arrangement of baguette and trillion cut white cubic zirconia, for everyday sparkle wih a contemporary edge. Measuring 17cm with a 2cm extender for an adjustable fit, it's secured with a spring ring clasp. A versatile and polished accessory, this bracelet is a timeless addition to any jewellery collection.",,,Taxable,,In stock,,,No,No,,19cm,,,Yes,,$59,,,,,"https://prod-sfcc-api.michaelhill.com/dw/image/v2/AANC_PRD/on/demandware.static/-/Sites-MHJ_Master/default/dwc017cbd7/images/P21274756/P21274756-15-21.jpg, https://prod-sfcc-api.michaelhill.com/dw/image/v2/AANC_PRD/on/demandware.static/-/Sites-MHJ_Master/default/dw3252d73c/images/P21274756/P21274756-15-22.jpg, https://prod-sfcc-api.michaelhill.com/dw/image/v2/AANC_PRD/on/demandware.static/-/Sites-MHJ_Master/default/dw72b9302c/images/P21274756/P21274756-15-23.jpg, https://prod-sfcc-api.michaelhill.com/dw/image/v2/AANC_PRD/on/demandware.static/-/Sites-MHJ_Master/default/dwde2e4718/images/P21274756/P21274756-15-27.jpg",,,,,,,,,,Backing Type,,No,Yes,Bangle Size,,No,Yes,Bangle Width,,No,Yes,Battery,,No,Yes,Case Material,,No,Yes,Case Thickness,,No,Yes,Case Width,,No,Yes,Centre Diamond Certification,,No,Yes,Centre Diamond Clarity,,No,Yes,Centre Diamond Colour,,No,Yes,Centre Diamond Setting,,No,Yes,Centre Diamond Shape,,No,Yes,Centre Stone Class,,No,Yes,Centre carat weight,,No,Yes,Chain Width,<1mm,Yes,Yes,Clasp,,No,Yes,Collection,,No,Yes,Construction,,No,Yes,Crystal,,No,Yes,Design Feature Dimensions (LxH),,No,Yes,Diamond Clarity,,No,Yes,Diamond Colour,,No,Yes,Diamond Cut,,No,Yes,Diamond Setting,,No,Yes,Dimensions (LxW),,No,Yes,Engagement Style,,No,Yes,Gemstone,Cubic Zirconium,Yes,Yes,Hoop Diameter,,No,Yes,Length,19cm,Yes,Yes,Lifetime Diamond Warranty,,No,Yes,Metal Colour,Silver,Yes,Yes,Metal content,Sterling Silver,Yes,Yes,Movement,,No,Yes,Pendant (HxW),,No,Yes,Regular price,$59,Yes,Yes,Rhodium Plated,Yes,Yes,Yes,Ring Height,,No,Yes,Ring Width,,No,Yes,Sale price,,Yes,Yes,Side Stone Class,,No,Yes,Stone (LxW),,No,Yes,Stone Class,,No,Yes,Strap Material,,No,Yes,Strap Width,,No,Yes,Style,Cable,Yes,Yes,Sustainable Laboratory Grown Diamond,,No,Yes,Total carat weight,,No,Yes,Treated,,No,Yes,Water Resistance,,No,Yes,url,https://www.michaelhill.com.au//p/round-brilliant-cut-cubic-zirconia-chain-bracelet-in-sterling-silver-C2127475615.html,Yes,Yes
355,Simple,15247735,Ring in Black Titanium,Yes,No,Visible,,"This 6mm ring is crafted in black titanium with a flat matte surface, perfect for every occasion.",,,Taxable,,In stock,,,No,No,,,,,Yes,,$279,,,,,"https://prod-sfcc-api.michaelhill.com/dw/image/v2/AANC_PRD/on/demandware.static/-/Sites-MHJ_Master/default/dwd41ad5d0/images/P15247735/P15247735-1-21.jpg, https://prod-sfcc-api.michaelhill.com/dw/image/v2/AANC_PRD/on/demandware.static/-/Sites-MHJ_Master/default/dw62bcd9cc/images/P15247735/P15247735-1-22.jpg, https://prod-sfcc-api.michaelhill.com/dw/image/v2/AANC_PRD/on/demandware.static/-/Sites-MHJ_Master/default/dw79788ac9/images/P15247735/P15247735-1-23.jpg, https://prod-sfcc-api.michaelhill.com/dw/image/v2/AANC_PRD/on/demandware.static/-/Sites-MHJ_Master/default/dw9399f519/images/P15247735/P15247735-1-24.jpg, https://prod-sfcc-api.michaelhill.com/dw/image/v2/AANC_PRD/on/demandware.static/-/Sites-MHJ_Master/default/dw63e4d051/images/P15247735/P15247735-1-27.jpg",,,,,,,,,,Backing Type,,No,Yes,Bangle Size,,No,Yes,Bangle Width,,No,Yes,Battery,,No,Yes,Case Material,,No,Yes,Case Thickness,,No,Yes,Case Width,,No,Yes,Centre Diamond Certification,,No,Yes,Centre Diamond Clarity,,No,Yes,Centre Diamond Colour,,No,Yes,Centre Diamond Setting,,No,Yes,Centre Diamond Shape,,No,Yes,Centre Stone Class,,No,Yes,Centre carat weight,,No,Yes,Chain Width,,No,Yes,Clasp,,No,Yes,Collection,Black Ti,Yes,Yes,Construction,,No,Yes,Crystal,,No,Yes,Design Feature Dimensions (LxH),,No,Yes,Diamond Clarity,,No,Yes,Diamond Colour,,No,Yes,Diamond Cut,,No,Yes,Diamond Setting,,No,Yes,Dimensions (LxW),,No,Yes,Engagement Style,,No,Yes,Gemstone,,No,Yes,Hoop Diameter,,No,Yes,Length,,No,Yes,Lifetime Diamond Warranty,,No,Yes,Metal Colour,Black,Yes,Yes,Metal content,Black Titanium,Yes,Yes,Movement,,No,Yes,Pendant (HxW),,No,Yes,Regular price,$279,Yes,Yes,Rhodium Plated,,No,Yes,Ring Height,,No,Yes,Ring Width,6mm,Yes,Yes,Sale price,,Yes,Yes,Side Stone Class,,No,Yes,Stone (LxW),,No,Yes,Stone Class,,No,Yes,Strap Material,,No,Yes,Strap Width,,No,Yes,Style,,No,Yes,Sustainable Laboratory Grown Diamond,,No,Yes,Total carat weight,,No,Yes,Treated,,No,Yes,Water Resistance,,No,Yes,url,https://www.michaelhill.com.au//p/ring-in-black-titanium-C152477351.html,Yes,Yes
388,Simple,19400228,0.62 Carat TW Floret Laboratory-Grown Diamond Ring in 10kt White Gold,Yes,No,Visible,,"Crafted in 10 karat white gold, this whimsical ring is a modern classic. It showcases a unique arrangement of laboratory-grown diamonds totaling 0.62 carat. Featuring four marquise cut and a central round brilliant laboratory-grown diamond, all with VS2 clarity and FG colour, expertly prong set in a floral inspired display. This piece is backed by our lifetime diamond warranty, making it a meaningful addition to your jewellery wardrobe. For every LAB. Collection piece sold in Australia, New Zealand and Canada, Michael Hill has committed to planting up to 10 trees with One Tree Planted.",,,Taxable,,In stock,,,No,No,,,,,Yes,,"$1,299",,,,,"https://prod-sfcc-api.michaelhill.com/dw/image/v2/AANC_PRD/on/demandware.static/-/Sites-MHJ_Master/default/dw708d9b5b/images/P19400228/P19400228-18-21.jpg, https://prod-sfcc-api.michaelhill.com/dw/image/v2/AANC_PRD/on/demandware.static/-/Sites-MHJ_Master/default/dw9530e1e0/images/P19400228/P19400228-18-22.jpg, https://prod-sfcc-api.michaelhill.com/dw/image/v2/AANC_PRD/on/demandware.static/-/Sites-MHJ_Master/default/dwee9a24e0/images/P19400228/P19400228-18-23.jpg, https://prod-sfcc-api.michaelhill.com/dw/image/v2/AANC_PRD/on/demandware.static/-/Sites-MHJ_Master/default/dwf8ec3bdb/images/P19400228/P19400228-18-24.jpg, https://prod-sfcc-api.michaelhill.com/dw/image/v2/AANC_PRD/on/demandware.static/-/Sites-MHJ_Master/default/dwde299c89/images/P19400228/P19400228-18-25.jpg, https://prod-sfcc-api.michaelhill.com/dw/image/v2/AANC_PRD/on/demandware.static/-/Sites-MHJ_Master/default/dwfd9e4cf0/images/P19400228/P19400228-18-27.jpg, https://prod-sfcc-api.michaelhill.com/dw/image/v2/AANC_PRD/on/demandware.static/-/Sites-MHJ_Master/default/dwfaf0d972/images/P19400228/P19400228-18-29.jpg",,,,,,,,,,Backing Type,,No,Yes,Bangle Size,,No,Yes,Bangle Width,,No,Yes,Battery,,No,Yes,Case Material,,No,Yes,Case Thickness,,No,Yes,Case Width,,No,Yes,Centre Diamond Certification,,No,Yes,Centre Diamond Clarity,,No,Yes,Centre Diamond Colour,,No,Yes,Centre Diamond Setting,,No,Yes,Centre Diamond Shape,,No,Yes,Centre Stone Class,,No,Yes,Centre carat weight,,No,Yes,Chain Width,,No,Yes,Clasp,,No,Yes,Collection,LAB.,Yes,Yes,Construction,,No,Yes,Crystal,,No,Yes,Design Feature Dimensions (LxH),,No,Yes,Diamond Clarity,VS2,Yes,Yes,Diamond Colour,FG,Yes,Yes,Diamond Cut,Round brilliant & marquise,Yes,Yes,Diamond Setting,Prong/Claw,Yes,Yes,Dimensions (LxW),,No,Yes,Engagement Style,,No,Yes,Gemstone,Diamond Set,Yes,Yes,Hoop Diameter,,No,Yes,Length,,No,Yes,Lifetime Diamond Warranty,Yes,Yes,Yes,Metal Colour,White,Yes,Yes,Metal content,10 Karat,Yes,Yes,Movement,,No,Yes,Pendant (HxW),,No,Yes,Regular price,"$1,299",Yes,Yes,Rhodium Plated,Yes,Yes,Yes,Ring Height,,No,Yes,Ring Width,1.5mm - 2mm,Yes,Yes,Sale price,,Yes,Yes,Side Stone Class,,No,Yes,Stone (LxW),,No,Yes,Stone Class,Laboratory-Grown,Yes,Yes,Strap Material,,No,Yes,Strap Width,,No,Yes,Style,,No,Yes,Sustainable Laboratory Grown Diamond,Yes,Yes,Yes,Total carat weight,0.62,Yes,Yes,Treated,,No,Yes,Water Resistance,,No,Yes,url,https://www.michaelhill.com.au//p/0.62-carat-tw-floret-laboratory-grown-diamond-ring-in-10kt-white-gold-C1940022818.html,Yes,Yes
771,Simple,19398198,0.50 Carat TW Floret Laboratory-Grown Diamond Bracelet in 10kt White Gold,Yes,No,Visible,,"Discover the timeless charm of our floret bracelet, featuring 0.50 carat total weight in laboratory-grown diamonds. Designed with four pear cut and two round brilliant laboratory-grown diamonds, each of VS2 clarity and FG colour, this beautiful piece is a contemporary take on floral-inspired design. Expertly prong set with a 19cm chain, secured with a spring ring clasp. This elegant bracelet, backed by our lifetime diamond warranty, is a versatile and meaningful addition to your jewellery collection. For every LAB. Collection piece sold in Australia, New Zealand and Canada, Michael Hill has committed to planting up to 10 trees with One Tree Planted.",,,Taxable,,In stock,,,No,No,,19cm,,,Yes,,"$1,099",,,,,"https://prod-sfcc-api.michaelhill.com/dw/image/v2/AANC_PRD/on/demandware.static/-/Sites-MHJ_Master/default/dwe87927c9/images/P19398198/P19398198-18-21.jpg, https://prod-sfcc-api.michaelhill.com/dw/image/v2/AANC_PRD/on/demandware.static/-/Sites-MHJ_Master/default/dw84af8946/images/P19398198/P19398198-18-22.jpg, https://prod-sfcc-api.michaelhill.com/dw/image/v2/AANC_PRD/on/demandware.static/-/Sites-MHJ_Master/default/dw0463793e/images/P19398198/P19398198-18-23.jpg, https://prod-sfcc-api.michaelhill.com/dw/image/v2/AANC_PRD/on/demandware.static/-/Sites-MHJ_Master/default/dwae1d6ad9/images/P19398198/P19398198-18-27.jpg, https://prod-sfcc-api.michaelhill.com/dw/image/v2/AANC_PRD/on/demandware.static/-/Sites-MHJ_Master/default/dw0c64b107/images/P19398198/P19398198-18-29.jpg",,,,,,,,,,Backing Type,,No,Yes,Bangle Size,,No,Yes,Bangle Width,,No,Yes,Battery,,No,Yes,Case Material,,No,Yes,Case Thickness,,No,Yes,Case Width,,No,Yes,Centre Diamond Certification,,No,Yes,Centre Diamond Clarity,,No,Yes,Centre Diamond Colour,,No,Yes,Centre Diamond Setting,,No,Yes,Centre Diamond Shape,,No,Yes,Centre Stone Class,,No,Yes,Centre carat weight,,No,Yes,Chain Width,<1mm,Yes,Yes,Clasp,,No,Yes,Collection,LAB.,Yes,Yes,Construction,,No,Yes,Crystal,,No,Yes,Design Feature Dimensions (LxH),7mm-8.5mm x 8mm-8.5mm,Yes,Yes,Diamond Clarity,VS2,Yes,Yes,Diamond Colour,FG,Yes,Yes,Diamond Cut,Round Brilliant & Pear,Yes,Yes,Diamond Setting,Prong/Claw,Yes,Yes,Dimensions (LxW),,No,Yes,Engagement Style,,No,Yes,Gemstone,Diamond Set,Yes,Yes,Hoop Diameter,,No,Yes,Length,19cm,Yes,Yes,Lifetime Diamond Warranty,Yes,Yes,Yes,Metal Colour,White,Yes,Yes,Metal content,10 Karat,Yes,Yes,Movement,,No,Yes,Pendant (HxW),,No,Yes,Regular price,"$1,099",Yes,Yes,Rhodium Plated,Yes,Yes,Yes,Ring Height,,No,Yes,Ring Width,,No,Yes,Sale price,,Yes,Yes,Side Stone Class,,No,Yes,Stone (LxW),,No,Yes,Stone Class,Laboratory-Grown,Yes,Yes,Strap Material,,No,Yes,Strap Width,,No,Yes,Style,Cable,Yes,Yes,Sustainable Laboratory Grown Diamond,,No,Yes,Total carat weight,0.50,Yes,Yes,Treated,,No,Yes,Water Resistance,,No,Yes,url,https://www.michaelhill.com.au//p/0.50-carat-tw-floret-laboratory-grown-diamond-bracelet-in-10kt-white-gold-C1939819818.html,Yes,Yes
807,Simple,21274732,Round Brilliant Cut Cubic Zirconia Cable Chain Necklace in Sterling Silver,Yes,No,Visible,,"This sterling silver cable chain necklace features a captivating arrangement of round brilliant cut white cubic zirconia stones. With a 45cm cable chain and a convenient 3cm extender, and spring ring clasp, this versatile piece adds a touch of sparkle to any outfit.",,,Taxable,,In stock,,,No,No,,45cm,,,Yes,,$89,,,,,"https://prod-sfcc-api.michaelhill.com/dw/image/v2/AANC_PRD/on/demandware.static/-/Sites-MHJ_Master/default/dw9a8b81c3/images/P21274732/P21274732-15-21.jpg, https://prod-sfcc-api.michaelhill.com/dw/image/v2/AANC_PRD/on/demandware.static/-/Sites-MHJ_Master/default/dwcc08eac6/images/P21274732/P21274732-15-23.jpg, https://prod-sfcc-api.michaelhill.com/dw/image/v2/AANC_PRD/on/demandware.static/-/Sites-MHJ_Master/default/dw6ffbdb7b/images/P21274732/P21274732-15-24.jpg, https://prod-sfcc-api.michaelhill.com/dw/image/v2/AANC_PRD/on/demandware.static/-/Sites-MHJ_Master/default/dwbe1d714c/images/P21274732/P21274732-15-27.jpg",,,,,,,,,,Backing Type,,No,Yes,Bangle Size,,No,Yes,Bangle Width,,No,Yes,Battery,,No,Yes,Case Material,,No,Yes,Case Thickness,,No,Yes,Case Width,,No,Yes,Centre Diamond Certification,,No,Yes,Centre Diamond Clarity,,No,Yes,Centre Diamond Colour,,No,Yes,Centre Diamond Setting,,No,Yes,Centre Diamond Shape,,No,Yes,Centre Stone Class,,No,Yes,Centre carat weight,,No,Yes,Chain Width,,No,Yes,Clasp,,No,Yes,Collection,,No,Yes,Construction,,No,Yes,Crystal,,No,Yes,Design Feature Dimensions (LxH),,No,Yes,Diamond Clarity,,No,Yes,Diamond Colour,,No,Yes,Diamond Cut,,No,Yes,Diamond Setting,,No,Yes,Dimensions (LxW),,No,Yes,Engagement Style,,No,Yes,Gemstone,Cubic Zirconium,Yes,Yes,Hoop Diameter,,No,Yes,Length,45cm,Yes,Yes,Lifetime Diamond Warranty,,No,Yes,Metal Colour,Silver,Yes,Yes,Metal content,Sterling Silver,Yes,Yes,Movement,,No,Yes,Pendant (HxW),,No,Yes,Regular price,$89,Yes,Yes,Rhodium Plated,Yes,Yes,Yes,Ring Height,,No,Yes,Ring Width,,No,Yes,Sale price,,Yes,Yes,Side Stone Class,,No,Yes,Stone (LxW),,No,Yes,Stone Class,,No,Yes,Strap Material,,No,Yes,Strap Width,,No,Yes,Style,Cable,Yes,Yes,Sustainable Laboratory Grown Diamond,,No,Yes,Total carat weight,,No,Yes,Treated,,No,Yes,Water Resistance,,No,Yes,url,https://www.michaelhill.com.au//p/round-brilliant-cut-cubic-zirconia-cable-chain-necklace-in-sterling-silver-C2127473215.html,Yes,Yes
1042,Simple,15505033,Ring with Enhanced Black Diamond in Grey Sapphire Tungsten,Yes,No,Visible,,"Designed to last the test of time, this 9mm ring is crafted in durable sapphire tungsten, complimented by a single enhanced black diamond in the centre.",,,Taxable,,In stock,,,No,No,,,,,Yes,,,,,,,"https://prod-sfcc-api.michaelhill.com/dw/image/v2/AANC_PRD/on/demandware.static/-/Sites-MHJ_Master/default/dw161a0461/images/P15505033/P15505033-6-21.jpg, https://prod-sfcc-api.michaelhill.com/dw/image/v2/AANC_PRD/on/demandware.static/-/Sites-MHJ_Master/default/dw0d7258b6/images/P15505033/P15505033-6-22.jpg, https://prod-sfcc-api.michaelhill.com/dw/image/v2/AANC_PRD/on/demandware.static/-/Sites-MHJ_Master/default/dw247e050d/images/P15505033/P15505033-6-23.jpg, https://prod-sfcc-api.michaelhill.com/dw/image/v2/AANC_PRD/on/demandware.static/-/Sites-MHJ_Master/default/dw058c2a09/images/P15505033/P15505033-6-24.jpg, https://prod-sfcc-api.michaelhill.com/dw/image/v2/AANC_PRD/on/demandware.static/-/Sites-MHJ_Master/default/dwa335e067/images/P15505033/P15505033-6-27.jpg",,,,,,,,,,Backing Type,,No,Yes,Bangle Size,,No,Yes,Bangle Width,,No,Yes,Battery,,No,Yes,Case Material,,No,Yes,Case Thickness,,No,Yes,Case Width,,No,Yes,Centre Diamond Certification,,No,Yes,Centre Diamond Clarity,,No,Yes,Centre Diamond Colour,,No,Yes,Centre Diamond Setting,,No,Yes,Centre Diamond Shape,,No,Yes,Centre Stone Class,,No,Yes,Centre carat weight,,No,Yes,Chain Width,,No,Yes,Clasp,,No,Yes,Collection,,No,Yes,Construction,,No,Yes,Crystal,,No,Yes,Design Feature Dimensions (LxH),,No,Yes,Diamond Clarity,,No,Yes,Diamond Colour,,No,Yes,Diamond Cut,,No,Yes,Diamond Setting,,No,Yes,Dimensions (LxW),,No,Yes,Engagement Style,,No,Yes,Gemstone,Diamond Set,Yes,Yes,Hoop Diameter,,No,Yes,Length,,No,Yes,Lifetime Diamond Warranty,,No,Yes,Metal Colour,Grey,Yes,Yes,Metal content,Sapphire Tungsten,Yes,Yes,Movement,,No,Yes,Pendant (HxW),,No,Yes,Regular price,,Yes,Yes,Rhodium Plated,,No,Yes,Ring Height,,No,Yes,Ring Width,9mm,Yes,Yes,Sale price,$499,Yes,Yes,Side Stone Class,,No,Yes,Stone (LxW),,No,Yes,Stone Class,Natural,Yes,Yes,Strap Material,,No,Yes,Strap Width,,No,Yes,Style,,No,Yes,Sustainable Laboratory Grown Diamond,,No,Yes,Total carat weight,0.10,Yes,Yes,Treated,,No,Yes,Water Resistance,,No,Yes,url,https://www.michaelhill.com.au//p/ring-with-enhanced-black-diamond-in-grey-sapphire-tungsten-C155050336.html,Yes,Yes
1161,Simple,19398181,0.65 Carat TW Floret Laboratory-Grown Diamond Necklace in 10kt White Gold,Yes,No,Visible,,"Embrace the beauty of nature with our floret laboratory-grown diamond necklace, crafted in 10 karat white gold. This necklace, featuring 0.65 carat total weight, is a testament to modern elegance paired with whimsical design. The organic-inspired design includes four pear cut and a central round brilliant laboratory-grown diamond, all with VS2 clarity and FG colour, expertly prong set to create a captivating display. Suspended on a 40 cm cable chain with a versatile 5 cm extender, and secured with a spring ring clasp. This piece is backed by our lifetime diamond warranty. For every LAB. Collection piece sold in Australia, New Zealand and Canada, Michael Hill has committed to planting up to 10 trees with One Tree Planted.",,,Taxable,,In stock,,,No,No,,45cm,,,Yes,,"$1,399",,,,,"https://prod-sfcc-api.michaelhill.com/dw/image/v2/AANC_PRD/on/demandware.static/-/Sites-MHJ_Master/default/dw5e0230e2/images/P19398181/P19398181-18-21.jpg, https://prod-sfcc-api.michaelhill.com/dw/image/v2/AANC_PRD/on/demandware.static/-/Sites-MHJ_Master/default/dw411975a3/images/P19398181/P19398181-18-22.jpg, https://prod-sfcc-api.michaelhill.com/dw/image/v2/AANC_PRD/on/demandware.static/-/Sites-MHJ_Master/default/dwb49848bd/images/P19398181/P19398181-18-23.jpg, https://prod-sfcc-api.michaelhill.com/dw/image/v2/AANC_PRD/on/demandware.static/-/Sites-MHJ_Master/default/dwbcf1725b/images/P19398181/P19398181-18-24.jpg, https://prod-sfcc-api.michaelhill.com/dw/image/v2/AANC_PRD/on/demandware.static/-/Sites-MHJ_Master/default/dw25318f12/images/P19398181/P19398181-18-27.jpg, https://prod-sfcc-api.michaelhill.com/dw/image/v2/AANC_PRD/on/demandware.static/-/Sites-MHJ_Master/default/dwb30290ef/images/P19398181/P19398181-18-28.jpg, https://prod-sfcc-api.michaelhill.com/dw/image/v2/AANC_PRD/on/demandware.static/-/Sites-MHJ_Master/default/dwe77bb0e1/images/P19398181/P19398181-18-29.jpg",,,,,,,,,,Backing Type,,No,Yes,Bangle Size,,No,Yes,Bangle Width,,No,Yes,Battery,,No,Yes,Case Material,,No,Yes,Case Thickness,,No,Yes,Case Width,,No,Yes,Centre Diamond Certification,,No,Yes,Centre Diamond Clarity,,No,Yes,Centre Diamond Colour,,No,Yes,Centre Diamond Setting,,No,Yes,Centre Diamond Shape,,No,Yes,Centre Stone Class,,No,Yes,Centre carat weight,,No,Yes,Chain Width,<1mm,Yes,Yes,Clasp,,No,Yes,Collection,LAB.,Yes,Yes,Construction,,No,Yes,Crystal,,No,Yes,Design Feature Dimensions (LxH),,No,Yes,Diamond Clarity,VS2,Yes,Yes,Diamond Colour,FG,Yes,Yes,Diamond Cut,Round Brilliant & Pear,Yes,Yes,Diamond Setting,Prong/Claw,Yes,Yes,Dimensions (LxW),,No,Yes,Engagement Style,,No,Yes,Gemstone,Diamond Set,Yes,Yes,Hoop Diameter,,No,Yes,Length,45cm,Yes,Yes,Lifetime Diamond Warranty,Yes,Yes,Yes,Metal Colour,White,Yes,Yes,Metal content,10 Karat,Yes,Yes,Movement,,No,Yes,Pendant (HxW),,No,Yes,Regular price,"$1,399",Yes,Yes,Rhodium Plated,Yes,Yes,Yes,Ring Height,,No,Yes,Ring Width,,No,Yes,Sale price,,Yes,Yes,Side Stone Class,,No,Yes,Stone (LxW),,No,Yes,Stone Class,Laboratory-Grown,Yes,Yes,Strap Material,,No,Yes,Strap Width,,No,Yes,Style,Cable,Yes,Yes,Sustainable Laboratory Grown Diamond,Yes,Yes,Yes,Total carat weight,0.65,Yes,Yes,Treated,,No,Yes,Water Resistance,,No,Yes,url,https://www.michaelhill.com.au//p/0.65-carat-tw-floret-laboratory-grown-diamond-necklace-in-10kt-white-gold-C1939818118.html,Yes,Yes
1317,Simple,18991093,Ring with 0.15 Carat TW of Diamonds in 10kt Yellow Gold,Yes,No,Visible,,"This simple yet beautiful bevelled edge ring is perfect for everyday wear. Featuring 0.15 carat TW of diamonds set in 10kt yellow gold, you simply can't go wrong.",,,Taxable,,In stock,,,No,No,,,,,Yes,,"$1,499",,,,,"https://prod-sfcc-api.michaelhill.com/dw/image/v2/AANC_PRD/on/demandware.static/-/Sites-MHJ_Master/default/dw878931b0/images/P18991093/P18991093-25-21.jpg, https://prod-sfcc-api.michaelhill.com/dw/image/v2/AANC_PRD/on/demandware.static/-/Sites-MHJ_Master/default/dwf170ff5f/images/P18991093/P18991093-25-22.jpg, https://prod-sfcc-api.michaelhill.com/dw/image/v2/AANC_PRD/on/demandware.static/-/Sites-MHJ_Master/default/dw11e95fc7/images/P18991093/P18991093-25-23.jpg, https://prod-sfcc-api.michaelhill.com/dw/image/v2/AANC_PRD/on/demandware.static/-/Sites-MHJ_Master/default/dw5ebb1119/images/P18991093/P18991093-25-24.jpg, https://prod-sfcc-api.michaelhill.com/dw/image/v2/AANC_PRD/on/demandware.static/-/Sites-MHJ_Master/default/dwb2b1cd03/images/P18991093/P18991093-25-27.jpg",,,,,,,,,,Backing Type,,No,Yes,Bangle Size,,No,Yes,Bangle Width,,No,Yes,Battery,,No,Yes,Case Material,,No,Yes,Case Thickness,,No,Yes,Case Width,,No,Yes,Centre Diamond Certification,,No,Yes,Centre Diamond Clarity,,No,Yes,Centre Diamond Colour,,No,Yes,Centre Diamond Setting,,No,Yes,Centre Diamond Shape,,No,Yes,Centre Stone Class,,No,Yes,Centre carat weight,,No,Yes,Chain Width,,No,Yes,Clasp,,No,Yes,Collection,,No,Yes,Construction,,No,Yes,Crystal,,No,Yes,Design Feature Dimensions (LxH),,No,Yes,Diamond Clarity,I2,Yes,Yes,Diamond Colour,HI,Yes,Yes,Diamond Cut,Round,Yes,Yes,Diamond Setting,Channel,Yes,Yes,Dimensions (LxW),,No,Yes,Engagement Style,,No,Yes,Gemstone,Diamond Set,Yes,Yes,Hoop Diameter,,No,Yes,Length,,No,Yes,Lifetime Diamond Warranty,Yes,Yes,Yes,Metal Colour,Yellow,Yes,Yes,Metal content,10 Karat,Yes,Yes,Movement,,No,Yes,Pendant (HxW),,No,Yes,Regular price,"$1,499",Yes,Yes,Rhodium Plated,,No,Yes,Ring Height,,No,Yes,Ring Width,5mm-5.5mm,Yes,Yes,Sale price,,Yes,Yes,Side Stone Class,,No,Yes,Stone (LxW),,No,Yes,Stone Class,Natural,Yes,Yes,Strap Material,,No,Yes,Strap Width,,No,Yes,Style,,No,Yes,Sustainable Laboratory Grown Diamond,,No,Yes,Total carat weight,0.15,Yes,Yes,Treated,,No,Yes,Water Resistance,,No,Yes,url,https://www.michaelhill.com.au//p/ring-with-0.15-carat-tw-of-diamonds-in-10kt-yellow-gold-C1899109325.html,Yes,Yes
1395,Simple,18822823,Wedding Band with .90TW of Laboratory-Created Diamonds in 14kt White Gold,Yes,No,Visible,,"Specially crafted with .90 TW laboratory-grown diamonds and 14kt white gold, this ring is both beautiful and masculine.",,,Taxable,,In stock,,,No,No,,,,,Yes,,,,,,,"https://prod-sfcc-api.michaelhill.com/dw/image/v2/AANC_PRD/on/demandware.static/-/Sites-MHJ_Master/default/dw182c5920/images/P18822823/P18822823-18-21.jpg, https://prod-sfcc-api.michaelhill.com/dw/image/v2/AANC_PRD/on/demandware.static/-/Sites-MHJ_Master/default/dw13f594a8/images/P18822823/P18822823-18-24.jpg, https://prod-sfcc-api.michaelhill.com/dw/image/v2/AANC_PRD/on/demandware.static/-/Sites-MHJ_Master/default/dw07b0b0cb/images/P18822823/P18822823-18-27.jpg",,,,,,,,,,Backing Type,,No,Yes,Bangle Size,,No,Yes,Bangle Width,,No,Yes,Battery,,No,Yes,Case Material,,No,Yes,Case Thickness,,No,Yes,Case Width,,No,Yes,Centre Diamond Certification,,No,Yes,Centre Diamond Clarity,,No,Yes,Centre Diamond Colour,,No,Yes,Centre Diamond Setting,,No,Yes,Centre Diamond Shape,,No,Yes,Centre Stone Class,,No,Yes,Centre carat weight,,No,Yes,Chain Width,,No,Yes,Clasp,,No,Yes,Collection,LAB.,Yes,Yes,Construction,,No,Yes,Crystal,,No,Yes,Design Feature Dimensions (LxH),,No,Yes,Diamond Clarity,VS2,Yes,Yes,Diamond Colour,GH,Yes,Yes,Diamond Cut,Round,Yes,Yes,Diamond Setting,Channel,Yes,Yes,Dimensions (LxW),,No,Yes,Engagement Style,,No,Yes,Gemstone,Diamond Set,Yes,Yes,Hoop Diameter,,No,Yes,Length,,No,Yes,Lifetime Diamond Warranty,Yes,Yes,Yes,Metal Colour,White,Yes,Yes,Metal content,14 Karat,Yes,Yes,Movement,,No,Yes,Pendant (HxW),,No,Yes,Regular price,,Yes,Yes,Rhodium Plated,Yes,Yes,Yes,Ring Height,,No,Yes,Ring Width,8.5mm-9mm,Yes,Yes,Sale price,"$4,299",Yes,Yes,Side Stone Class,,No,Yes,Stone (LxW),,No,Yes,Stone Class,Laboratory-Grown,Yes,Yes,Strap Material,,No,Yes,Strap Width,,No,Yes,Style,,No,Yes,Sustainable Laboratory Grown Diamond,Yes,Yes,Yes,Total carat weight,0.90,Yes,Yes,Treated,,No,Yes,Water Resistance,,No,Yes,url,https://www.michaelhill.com.au//p/wedding-band-with-.90tw-of-laboratory-created-diamonds-in-14kt-white-gold-C1882282318.html,Yes,Yes
1412,Simple,18991116,Men's Ring with 0.34 Carat TW of Diamonds in 10kt Yellow Gold,Yes,No,Visible,,"Make a statement with this 10kt yellow gold ring. Showcasing both polished and brushed finishes, the bevelled edge design is channel set with 0.34 carat total weight of diamonds.",,,Taxable,,In stock,,,No,No,,,,,Yes,,"$2,199",,,,,"https://prod-sfcc-api.michaelhill.com/dw/image/v2/AANC_PRD/on/demandware.static/-/Sites-MHJ_Master/default/dw64007a66/images/P18991116/P18991116-25-21.jpg, https://prod-sfcc-api.michaelhill.com/dw/image/v2/AANC_PRD/on/demandware.static/-/Sites-MHJ_Master/default/dwe80d9da6/images/P18991116/P18991116-25-27.jpg",,,,,,,,,,Backing Type,,No,Yes,Bangle Size,,No,Yes,Bangle Width,,No,Yes,Battery,,No,Yes,Case Material,,No,Yes,Case Thickness,,No,Yes,Case Width,,No,Yes,Centre Diamond Certification,,No,Yes,Centre Diamond Clarity,,No,Yes,Centre Diamond Colour,,No,Yes,Centre Diamond Setting,,No,Yes,Centre Diamond Shape,,No,Yes,Centre Stone Class,,No,Yes,Centre carat weight,,No,Yes,Chain Width,,No,Yes,Clasp,,No,Yes,Collection,,No,Yes,Construction,,No,Yes,Crystal,,No,Yes,Design Feature Dimensions (LxH),,No,Yes,Diamond Clarity,I2,Yes,Yes,Diamond Colour,HI,Yes,Yes,Diamond Cut,Round,Yes,Yes,Diamond Setting,Channel,Yes,Yes,Dimensions (LxW),,No,Yes,Engagement Style,,No,Yes,Gemstone,Diamond Set,Yes,Yes,Hoop Diameter,,No,Yes,Length,,No,Yes,Lifetime Diamond Warranty,Yes,Yes,Yes,Metal Colour,Yellow,Yes,Yes,Metal content,10 Karat,Yes,Yes,Movement,,No,Yes,Pendant (HxW),,No,Yes,Regular price,"$2,199",Yes,Yes,Rhodium Plated,,No,Yes,Ring Height,,No,Yes,Ring Width,6mm-6.5mm,Yes,Yes,Sale price,,Yes,Yes,Side Stone Class,,No,Yes,Stone (LxW),,No,Yes,Stone Class,Natural,Yes,Yes,Strap Material,,No,Yes,Strap Width,,No,Yes,Style,,No,Yes,Sustainable Laboratory Grown Diamond,,No,Yes,Total carat weight,0.34 (1/3),Yes,Yes,Treated,,No,Yes,Water Resistance,,No,Yes,url,https://www.michaelhill.com.au//p/mens-ring-with-0.34-carat-tw-of-diamonds-in-10kt-yellow-gold-C1899111625.html,Yes,Yes
1442,Simple,21274800,Heart Pendant and Chain with Cubic Zirconia in Sterling Silver,Yes,No,Visible,,"This sterling silver heart pendant necklace is set with sparkling white cubic zirconia stones, offering a touch of elegance and affection. Suspended on a 42cm cable chain with a 3cm extender for the perfect fit, it's secured with a spring ring clasp. This piece is an ideal gift or a symbolic addition to your own collection.",,,Taxable,,In stock,,,No,No,,45cm,,,Yes,,$89,,,,,"https://prod-sfcc-api.michaelhill.com/dw/image/v2/AANC_PRD/on/demandware.static/-/Sites-MHJ_Master/default/dwa87b333c/images/P21274800/P21274800-15-21.jpg, https://prod-sfcc-api.michaelhill.com/dw/image/v2/AANC_PRD/on/demandware.static/-/Sites-MHJ_Master/default/dwc851dc5f/images/P21274800/P21274800-15-22.jpg, https://prod-sfcc-api.michaelhill.com/dw/image/v2/AANC_PRD/on/demandware.static/-/Sites-MHJ_Master/default/dw2a70b3ac/images/P21274800/P21274800-15-23.jpg, https://prod-sfcc-api.michaelhill.com/dw/image/v2/AANC_PRD/on/demandware.static/-/Sites-MHJ_Master/default/dw371a5be7/images/P21274800/P21274800-15-24.jpg, https://prod-sfcc-api.michaelhill.com/dw/image/v2/AANC_PRD/on/demandware.static/-/Sites-MHJ_Master/default/dw3eb3cc08/images/P21274800/P21274800-15-27.jpg",,,,,,,,,,Backing Type,,No,Yes,Bangle Size,,No,Yes,Bangle Width,,No,Yes,Battery,,No,Yes,Case Material,,No,Yes,Case Thickness,,No,Yes,Case Width,,No,Yes,Centre Diamond Certification,,No,Yes,Centre Diamond Clarity,,No,Yes,Centre Diamond Colour,,No,Yes,Centre Diamond Setting,,No,Yes,Centre Diamond Shape,,No,Yes,Centre Stone Class,,No,Yes,Centre carat weight,,No,Yes,Chain Width,,No,Yes,Clasp,,No,Yes,Collection,,No,Yes,Construction,,No,Yes,Crystal,,No,Yes,Design Feature Dimensions (LxH),,No,Yes,Diamond Clarity,,No,Yes,Diamond Colour,,No,Yes,Diamond Cut,,No,Yes,Diamond Setting,,No,Yes,Dimensions (LxW),,No,Yes,Engagement Style,,No,Yes,Gemstone,Cubic Zirconium,Yes,Yes,Hoop Diameter,,No,Yes,Length,45cm,Yes,Yes,Lifetime Diamond Warranty,,No,Yes,Metal Colour,Silver,Yes,Yes,Metal content,Sterling Silver,Yes,Yes,Movement,,No,Yes,Pendant (HxW),,No,Yes,Regular price,$89,Yes,Yes,Rhodium Plated,Yes,Yes,Yes,Ring Height,,No,Yes,Ring Width,,No,Yes,Sale price,,Yes,Yes,Side Stone Class,,No,Yes,Stone (LxW),,No,Yes,Stone Class,,No,Yes,Strap Material,,No,Yes,Strap Width,,No,Yes,Style,Cable,Yes,Yes,Sustainable Laboratory Grown Diamond,,No,Yes,Total carat weight,,No,Yes,Treated,,No,Yes,Water Resistance,,No,Yes,url,https://www.michaelhill.com.au//p/heart-pendant-and-chain-with-cubic-zirconia-in-sterling-silver-C2127480015.html,Yes,Yes
1462,Simple,21274787,Circle Pendant and Chain with Cubic Zirconia in Sterling Silver,Yes,No,Visible,,"This sterling silver necklace features a classic circle pendant, set with white cubic zirconia stones. Hanging on a 42cm cable chain with a 3cm extender for adjustable wear, it's secured with a reliable spring ring clasp. A symbol of infinity and unity, this necklace offers both sparkle and a meaningful gesture of endless possibilities.",,,Taxable,,In stock,,,No,No,,45cm,,,Yes,,$89,,,,,"https://prod-sfcc-api.michaelhill.com/dw/image/v2/AANC_PRD/on/demandware.static/-/Sites-MHJ_Master/default/dwd67fed6d/images/P21274787/P21274787-15-21.jpg, https://prod-sfcc-api.michaelhill.com/dw/image/v2/AANC_PRD/on/demandware.static/-/Sites-MHJ_Master/default/dw102e156c/images/P21274787/P21274787-15-22.jpg, https://prod-sfcc-api.michaelhill.com/dw/image/v2/AANC_PRD/on/demandware.static/-/Sites-MHJ_Master/default/dwbe7c57e1/images/P21274787/P21274787-15-23.jpg, https://prod-sfcc-api.michaelhill.com/dw/image/v2/AANC_PRD/on/demandware.static/-/Sites-MHJ_Master/default/dw8f4e4bb1/images/P21274787/P21274787-15-24.jpg, https://prod-sfcc-api.michaelhill.com/dw/image/v2/AANC_PRD/on/demandware.static/-/Sites-MHJ_Master/default/dw9e85d67b/images/P21274787/P21274787-15-27.jpg, https://prod-sfcc-api.michaelhill.com/dw/image/v2/AANC_PRD/on/demandware.static/-/Sites-MHJ_Master/default/dw572e174b/images/P21274787/P21274787-15-28.jpg",,,,,,,,,,Backing Type,,No,Yes,Bangle Size,,No,Yes,Bangle Width,,No,Yes,Battery,,No,Yes,Case Material,,No,Yes,Case Thickness,,No,Yes,Case Width,,No,Yes,Centre Diamond Certification,,No,Yes,Centre Diamond Clarity,,No,Yes,Centre Diamond Colour,,No,Yes,Centre Diamond Setting,,No,Yes,Centre Diamond Shape,,No,Yes,Centre Stone Class,,No,Yes,Centre carat weight,,No,Yes,Chain Width,,No,Yes,Clasp,,No,Yes,Collection,,No,Yes,Construction,,No,Yes,Crystal,,No,Yes,Design Feature Dimensions (LxH),,No,Yes,Diamond Clarity,,No,Yes,Diamond Colour,,No,Yes,Diamond Cut,,No,Yes,Diamond Setting,,No,Yes,Dimensions (LxW),,No,Yes,Engagement Style,,No,Yes,Gemstone,Cubic Zirconium,Yes,Yes,Hoop Diameter,,No,Yes,Length,45cm,Yes,Yes,Lifetime Diamond Warranty,,No,Yes,Metal Colour,Silver,Yes,Yes,Metal content,Sterling Silver,Yes,Yes,Movement,,No,Yes,Pendant (HxW),,No,Yes,Regular price,$89,Yes,Yes,Rhodium Plated,Yes,Yes,Yes,Ring Height,,No,Yes,Ring Width,,No,Yes,Sale price,,Yes,Yes,Side Stone Class,,No,Yes,Stone (LxW),,No,Yes,Stone Class,,No,Yes,Strap Material,,No,Yes,Strap Width,,No,Yes,Style,Cable,Yes,Yes,Sustainable Laboratory Grown Diamond,,No,Yes,Total carat weight,,No,Yes,Treated,,No,Yes,Water Resistance,,No,Yes,url,https://www.michaelhill.com.au//p/circle-pendant-and-chain-with-cubic-zirconia-in-sterling-silver-C2127478715.html,Yes,Yes
1498,Simple,19025612,3.00 Carat TW Round Brilliant Laboratory-Grown Diamond Eternity Ring in 14kt Yellow Gold,Yes,No,Visible,,"Indulge in the elegance of this round brilliant eternity ring. Crafted in 14 karat yellow gold, it showcases a continuous row of round brilliant laboratory-grown diamonds totalling 3.00 carat weight in VS clarity and FGH colour.  Backed by our Lifetime Diamond Warranty. For every LAB. Collection piece sold in Australia, New Zealand and Canada, Michael Hill has committed to planting up to 10 trees with One Tree Planted.",,,Taxable,,In stock,,,No,No,,,,,Yes,,"$6,499",,,,,"https://prod-sfcc-api.michaelhill.com/dw/image/v2/AANC_PRD/on/demandware.static/-/Sites-MHJ_Master/default/dw2b96cb05/images/P19025612/P19025612-25-21.jpg, https://prod-sfcc-api.michaelhill.com/dw/image/v2/AANC_PRD/on/demandware.static/-/Sites-MHJ_Master/default/dw0d9253fe/images/P19025612/P19025612-25-22.jpg, https://prod-sfcc-api.michaelhill.com/dw/image/v2/AANC_PRD/on/demandware.static/-/Sites-MHJ_Master/default/dwf552fcc0/images/P19025612/P19025612-25-23.jpg, https://prod-sfcc-api.michaelhill.com/dw/image/v2/AANC_PRD/on/demandware.static/-/Sites-MHJ_Master/default/dw34762cd5/images/P19025612/P19025612-25-24.jpg, https://prod-sfcc-api.michaelhill.com/dw/image/v2/AANC_PRD/on/demandware.static/-/Sites-MHJ_Master/default/dwc1b05425/images/P19025612/P19025612-25-25.jpg, https://prod-sfcc-api.michaelhill.com/dw/image/v2/AANC_PRD/on/demandware.static/-/Sites-MHJ_Master/default/dw7376681e/images/P19025612/P19025612-25-27.jpg, https://prod-sfcc-api.michaelhill.com/dw/image/v2/AANC_PRD/on/demandware.static/-/Sites-MHJ_Master/default/dw27841d16/images/P19025612/P19025612-25-29.jpg",,,,,,,,,,Backing Type,,No,Yes,Bangle Size,,No,Yes,Bangle Width,,No,Yes,Battery,,No,Yes,Case Material,,No,Yes,Case Thickness,,No,Yes,Case Width,,No,Yes,Centre Diamond Certification,,No,Yes,Centre Diamond Clarity,,No,Yes,Centre Diamond Colour,,No,Yes,Centre Diamond Setting,,No,Yes,Centre Diamond Shape,,No,Yes,Centre Stone Class,,No,Yes,Centre carat weight,,No,Yes,Chain Width,,No,Yes,Clasp,,No,Yes,Collection,LAB.,Yes,Yes,Construction,,No,Yes,Crystal,,No,Yes,Design Feature Dimensions (LxH),,No,Yes,Diamond Clarity,VS2,Yes,Yes,Diamond Colour,GH,Yes,Yes,Diamond Cut,,No,Yes,Diamond Setting,Prong/Claw,Yes,Yes,Dimensions (LxW),,No,Yes,Engagement Style,Claw,Yes,Yes,Gemstone,Diamond Set,Yes,Yes,Hoop Diameter,,No,Yes,Length,,No,Yes,Lifetime Diamond Warranty,Yes,Yes,Yes,Metal Colour,Yellow,Yes,Yes,Metal content,14 Karat,Yes,Yes,Movement,,No,Yes,Pendant (HxW),,No,Yes,Regular price,"$6,499",Yes,Yes,Rhodium Plated,Yes,Yes,Yes,Ring Height,,No,Yes,Ring Width,,No,Yes,Sale price,,Yes,Yes,Side Stone Class,Laboratory-Grown,Yes,Yes,Stone (LxW),,No,Yes,Stone Class,Laboratory-Grown,Yes,Yes,Strap Material,,No,Yes,Strap Width,,No,Yes,Style,,No,Yes,Sustainable Laboratory Grown Diamond,Yes,Yes,Yes,Total carat weight,3.00,Yes,Yes,Treated,,No,Yes,Water Resistance,,No,Yes,url,https://www.michaelhill.com.au//p/3.00-carat-tw-round-brilliant-laboratory-grown-diamond-eternity-ring-in-14kt-yellow-gold-C1902561225.html,Yes,Yes
1502,Simple,21274589,Tree of Life Pendant and Chain with Cubic Zirconia in Sterling Silver,Yes,No,Visible,,"This sterling silver pendant embodies a timeless motif: the Tree of Life, symbolising strength and growth, and complimented with sparkling white cubic zirconia stones. Hanging gracefully on a 45cm cable chain with a versatile 3cm extender, and secured with a spring ring clasp. A meaningful addition to your jewellery wardrobe, perfect for personal reflection or as a special gift.",,,Taxable,,In stock,,,No,No,,45cm,,,Yes,,$89,,,,,"https://prod-sfcc-api.michaelhill.com/dw/image/v2/AANC_PRD/on/demandware.static/-/Sites-MHJ_Master/default/dw5676ec49/images/P21274589/P21274589-15-21.jpg, https://prod-sfcc-api.michaelhill.com/dw/image/v2/AANC_PRD/on/demandware.static/-/Sites-MHJ_Master/default/dw08947d1a/images/P21274589/P21274589-15-22.jpg, https://prod-sfcc-api.michaelhill.com/dw/image/v2/AANC_PRD/on/demandware.static/-/Sites-MHJ_Master/default/dw0aafbe30/images/P21274589/P21274589-15-23.jpg, https://prod-sfcc-api.michaelhill.com/dw/image/v2/AANC_PRD/on/demandware.static/-/Sites-MHJ_Master/default/dw66325860/images/P21274589/P21274589-15-24.jpg, https://prod-sfcc-api.michaelhill.com/dw/image/v2/AANC_PRD/on/demandware.static/-/Sites-MHJ_Master/default/dw499fafd6/images/P21274589/P21274589-15-27.jpg",,,,,,,,,,Backing Type,,No,Yes,Bangle Size,,No,Yes,Bangle Width,,No,Yes,Battery,,No,Yes,Case Material,,No,Yes,Case Thickness,,No,Yes,Case Width,,No,Yes,Centre Diamond Certification,,No,Yes,Centre Diamond Clarity,,No,Yes,Centre Diamond Colour,,No,Yes,Centre Diamond Setting,,No,Yes,Centre Diamond Shape,,No,Yes,Centre Stone Class,,No,Yes,Centre carat weight,,No,Yes,Chain Width,<1mm,Yes,Yes,Clasp,,No,Yes,Collection,,No,Yes,Construction,,No,Yes,Crystal,,No,Yes,Design Feature Dimensions (LxH),,No,Yes,Diamond Clarity,,No,Yes,Diamond Colour,,No,Yes,Diamond Cut,,No,Yes,Diamond Setting,,No,Yes,Dimensions (LxW),,No,Yes,Engagement Style,,No,Yes,Gemstone,Cubic Zirconium,Yes,Yes,Hoop Diameter,,No,Yes,Length,45cm,Yes,Yes,Lifetime Diamond Warranty,,No,Yes,Metal Colour,Silver,Yes,Yes,Metal content,,No,Yes,Movement,,No,Yes,Pendant (HxW),,No,Yes,Regular price,$89,Yes,Yes,Rhodium Plated,Yes,Yes,Yes,Ring Height,,No,Yes,Ring Width,,No,Yes,Sale price,,Yes,Yes,Side Stone Class,,No,Yes,Stone (LxW),,No,Yes,Stone Class,,No,Yes,Strap Material,,No,Yes,Strap Width,,No,Yes,Style,Cable,Yes,Yes,Sustainable Laboratory Grown Diamond,,No,Yes,Total carat weight,,No,Yes,Treated,,No,Yes,Water Resistance,,No,Yes,url,https://www.michaelhill.com.au//p/tree-of-life-pendant-and-chain-with-cubic-zirconia-in-sterling-silver-C2127458915.html,Yes,Yes
